{"cameraMode":{"drawMode":0,"name":"Shaded","section":"Shading Mode"},"sceneLighting":true,"audioPlay":false,"sceneViewState":{"m_AlwaysRefresh":false,"showFog":true,"showSkybox":true,"showFlares":true,"showImageEffects":true,"showParticleSystems":true,"showVisualEffectGraphs":true,"m_FxEnabled":true},"in2DMode":false,"pivot":{"x":15.949889183044434,"y":3.3029115200042726,"z":0.8457661271095276},"rotation":{"x":0.15890949964523316,"y":0.7806868553161621,"z":-0.21896052360534669,"w":0.5636820197105408},"size":1.3210067749023438,"orthographic":false}